House,Coordinates,Actual Height (ft),Actual Area (sq ft)
House_1,"(-87.884223, 170.470452)",13.36,412.92
House_2,"(-19.307106, -133.328325)",12.51,255.88
House_3,"(-60.83818, 111.59564)",14.23,333.33
House_4,"(-0.246339, 9.910283)",18.58,302.36
