House,Coordinates,Measured Height (ft)
House_1,"(-87.884223, 170.470452)",29.05
House_2,"(-19.307106, -133.328325)",11.29
House_3,"(-60.83818, 111.59564)",24.87
House_4,"(-0.246339, 9.910283)",11.93
